"","p_val","avg_log2FC","pct.1","pct.2","p_val_adj","gene"
"HSPA1B",1.18335617203212e-07,2.56605460915665,0.957,0.594,0.0035067576802,"HSPA1B"
"IGHA1",1.58620123639745e-07,2.78400282364741,0.87,0.406,0.00470054874394022,"IGHA1"
